{"cameraMode":{"drawMode":0,"name":"Shaded","section":"Shading Mode"},"sceneLighting":true,"audioPlay":false,"sceneViewState":{"showFog":true,"showMaterialUpdate":false,"showSkybox":true,"showFlares":true,"showImageEffects":true,"showParticleSystems":true},"in2DMode":false,"pivot":{"x":4.658532619476318,"y":1.77732253074646,"z":-11.841148376464844},"rotation":{"x":-0.5659511089324951,"y":-0.022042235359549524,"z":0.015091536566615105,"w":-0.8240429759025574},"size":24.950305938720704,"orthographic":false}